fleet_id,plate_no,company,vehicle_model,purchase_date,bank_card,contact_phone
FLT0001,沪M·41642,杭州云驰物流有限公司特种运输部,解放J6P,2023-02-17,353858700950698614,16771297207
FLT0002,鄂x20053,沪上冷链物流有限公司车队一部,福田欧曼EST,2019-10-23,29167274491887369,15332153558
FLT0003,甘J 83034,沪上冷链物流有限公司特种运输部,江淮格尔发A5,2018-05-07,2548602537320663,17931178547
FLT0004,豫M·28379,华北快运股份公司第一分公司,比亚迪T5,2021-11-06,9110827804381089,13856245129
FLT0005,川r18124,华北快运股份公司第二分公司,上汽跃进H500,2024-05-19,0884570368482095989,15416111727
FLT0006,甘W 92019,穗通货运代理有限公司第二分公司,陕汽德龙X6000,2021-01-28,0687091430943646,18622083561
FLT0007,青Q·39494,华北快运股份公司第一分公司,重汽豪沃TH7,2019-12-16,59121058182067312,14796129080
FLT0008,藏k54199,蓉城配运有限公司第一分公司,上汽跃进H500,2024-06-24,4404098215389576,13400718546
FLT0009,宁B 57739,津门港联运输有限公司第一分公司,福田欧曼EST,2025-01-04,9281815882561831887,14491235270
FLT0010,沪Y·92380,京诚运输集团特种运输部,福田欧曼EST,2024-01-07,408396305047236690,19739663291
FLT0011,吉w89766,蓉城配运有限公司第二分公司,比亚迪T5,2020-03-12,439995189333173688,13024843404
FLT0012,鄂C 70035,京诚运输集团第二分公司,江淮格尔发A5,2020-01-06,69250028666330561,19328719198
FLT0013,鲁P·04016,沪上冷链物流有限公司车队一部,福田欧曼EST,2018-05-05,30862900804914369,14652690839
FLT0014,京g91181,津门港联运输有限公司第二分公司,比亚迪T5,2025-06-21,1036497105779726,16889167759
FLT0015,皖N 73825,穗通货运代理有限公司车队二部,重汽豪沃TH7,2020-10-28,19199720830235648,16339230798
FLT0016,沪A·53228,穗通货运代理有限公司车队二部,江淮格尔发A5,2021-01-13,13443506292633082,16742253569
FLT0017,冀z70890,杭州云驰物流有限公司第一分公司,江淮格尔发A5,2021-06-01,15644544732087363,18624030277
FLT0018,晋W 49108,北京迅达物流有限公司车队二部,比亚迪T5,2019-08-03,3415612810359660502,19784423028
FLT0019,豫W·82177,杭州云驰物流有限公司特种运输部,重汽豪沃TH7,2025-09-05,575912188345187745,14660471498
FLT0020,蒙f97598,穗通货运代理有限公司第一分公司,江淮格尔发A5,2023-05-04,1028092789609594,17140066625
FLT0021,琼J 59335,津门港联运输有限公司第一分公司,重汽豪沃TH7,2022-12-19,3529065367414946954,19035131920
FLT0022,京Z·39200,沪上冷链物流有限公司第二分公司,上汽跃进H500,2021-09-11,1807532661160864644,13305745369
FLT0023,黑b62358,沪上冷链物流有限公司第二分公司,重汽豪沃TH7,2022-06-09,042243643429867167,17728664599
FLT0024,晋H 94937,华北快运股份公司第一分公司,福田欧曼EST,2019-01-13,302711306677505241,19303004085
FLT0025,豫S·40997,沪上冷链物流有限公司车队一部,福田欧曼EST,2019-12-11,777323035810684612,16334588045
FLT0026,宁t22311,北京迅达物流有限公司车队一部,福田欧曼EST,2021-12-25,98258345950674053,19640484667
FLT0027,辽R 77155,穗通货运代理有限公司车队二部,福田欧曼EST,2018-11-18,33621540911024565,13753980943
FLT0028,赣X·68459,北京迅达物流有限公司第一分公司,比亚迪T5,2019-11-26,866431631040496387,17361743006
FLT0029,闽v17891,杭州云驰物流有限公司车队一部,重汽豪沃TH7,2018-12-10,7926668059290972684,17108467237
FLT0030,苏T 37240,沪上冷链物流有限公司第二分公司,东风天龙KL,2018-05-09,29619830540197649,18167174651
FLT0031,湘L·82049,华北快运股份公司车队二部,陕汽德龙X6000,2020-08-13,775672339609059148,18191930748
FLT0032,黑h19656,穗通货运代理有限公司特种运输部,东风天龙KL,2021-12-21,5478606749181141,14281447633
FLT0033,藏J 76705,蓉城配运有限公司特种运输部,上汽跃进H500,2020-04-15,97252432268413149,19463658137
FLT0034,苏A·97117,京诚运输集团第二分公司,东风天龙KL,2022-03-18,9857974990333834,16379032916
FLT0035,吉q47814,杭州云驰物流有限公司车队一部,福田欧曼EST,2019-01-28,706693565180967313,18840123874
FLT0036,津V 42217,杭州云驰物流有限公司特种运输部,江淮格尔发A5,2018-02-01,3850088356009795,18874134796
FLT0037,京U·29258,津门港联运输有限公司车队一部,东风天龙KL,2019-12-22,234815767946101890,14965750908
FLT0038,新e79836,津门港联运输有限公司第一分公司,东风天龙KL,2022-01-18,9368207993751773,14936426450
FLT0039,云D 00256,北京迅达物流有限公司第一分公司,东风天龙KL,2019-03-11,8109914411816183540,15836852485
FLT0040,湘J·14532,北京迅达物流有限公司车队一部,上汽跃进H500,2022-11-04,2515813195088323,13292205520
FLT0041,闽m83005,穗通货运代理有限公司特种运输部,江淮格尔发A5,2025-12-10,5757715379738344,16177660159
FLT0042,鲁N 95481,穗通货运代理有限公司第二分公司,东风天龙KL,2019-04-16,09499777378842787,18707005357
FLT0043,皖E·53242,蓉城配运有限公司特种运输部,福田欧曼EST,2018-06-08,80995433897515484,17754226944
FLT0044,湘m98643,沪上冷链物流有限公司第二分公司,陕汽德龙X6000,2020-02-13,7603722320802239,17516158254
FLT0045,川A 39628,京诚运输集团第一分公司,上汽跃进H500,2023-06-23,45713889067187947,14713373493
FLT0046,冀N·69124,北京迅达物流有限公司车队一部,东风天龙KL,2019-11-17,11785817328005710,15278472908
FLT0047,吉u34800,津门港联运输有限公司第一分公司,上汽跃进H500,2020-09-25,47991914735845806,17086254278
FLT0048,湘H 61863,沪上冷链物流有限公司车队二部,福田欧曼EST,2020-10-12,2383575002838229,19132231225
FLT0049,湘F·00001,北京迅达物流有限公司第二分公司,解放J6P,2023-05-13,193128516763060477,13211372184
FLT0050,沪e17641,京诚运输集团车队一部,上汽跃进H500,2024-02-25,04272822804602936,14169138094
FLT0051,宁E 52119,沪上冷链物流有限公司车队二部,东风天龙KL,2025-01-24,099747000025864919,19830261458
FLT0052,湘Y·90318,津门港联运输有限公司车队一部,东风天龙KL,2020-04-19,85090395759602283,14991242983
FLT0053,皖g06179,沪上冷链物流有限公司第二分公司,东风天龙KL,2018-11-01,9781231248088210,15123020284
FLT0054,冀R 13720,京诚运输集团第一分公司,上汽跃进H500,2020-09-13,8232484706206108,19586332634
FLT0055,冀A·65619,华北快运股份公司特种运输部,福田欧曼EST,2024-02-18,21485809631597568,13895561189
FLT0056,冀d21256,华北快运股份公司特种运输部,陕汽德龙X6000,2019-07-24,297354416941545883,14592838962
FLT0057,辽A 10896,津门港联运输有限公司第二分公司,上汽跃进H500,2021-01-04,1429862440415859284,18482036636
FLT0058,贵S·70407,华北快运股份公司特种运输部,上汽跃进H500,2022-10-06,8467092838307821178,13914464563
FLT0059,湘a54643,津门港联运输有限公司第一分公司,江淮格尔发A5,2021-08-13,243271422472159999,17581141348
FLT0060,青J 47463,京诚运输集团特种运输部,江淮格尔发A5,2021-04-05,2135974649594249,18532701083
FLT0061,青P·24208,京诚运输集团特种运输部,重汽豪沃TH7,2018-12-06,227472534980710954,14872485643
FLT0062,蒙n89327,津门港联运输有限公司第二分公司,上汽跃进H500,2024-03-08,867186402365218425,18800323618
FLT0063,苏X 62767,津门港联运输有限公司第二分公司,陕汽德龙X6000,2020-01-28,26578618165001922,14417561941
FLT0064,吉G·43745,杭州云驰物流有限公司车队一部,重汽豪沃TH7,2019-06-10,978304701580605247,14000392266
FLT0065,鄂w27521,杭州云驰物流有限公司第一分公司,解放J6P,2024-01-06,720406418647230306,16768379184
FLT0066,云F 36637,杭州云驰物流有限公司第一分公司,东风天龙KL,2025-05-07,671286403615307419,15102377632
FLT0067,琼H·40829,沪上冷链物流有限公司车队一部,比亚迪T5,2022-09-04,281512136898585343,19339280874
FLT0068,闽l39274,京诚运输集团第一分公司,陕汽德龙X6000,2020-06-02,07989838235630335,14711459482
FLT0069,青J 58876,穗通货运代理有限公司车队一部,比亚迪T5,2025-03-24,405991691017101302,15962742595
FLT0070,甘G·30134,北京迅达物流有限公司车队一部,陕汽德龙X6000,2023-05-16,449392655055439695,13145574703
FLT0071,赣l52995,华北快运股份公司车队二部,解放J6P,2023-06-26,227694520129532211,15534312621
FLT0072,粤K 61927,蓉城配运有限公司第一分公司,比亚迪T5,2023-07-19,75303851537350219,17317283335
FLT0073,宁Z·08851,京诚运输集团第二分公司,陕汽德龙X6000,2025-01-15,38801862761206691,18983737865
FLT0074,苏q38470,蓉城配运有限公司特种运输部,东风天龙KL,2020-07-08,3124872940840250499,16824790718
FLT0075,琼L 03863,津门港联运输有限公司第二分公司,上汽跃进H500,2021-07-11,84639525681741541,17498040279
FLT0076,冀J·26868,蓉城配运有限公司第一分公司,上汽跃进H500,2024-11-21,613817491216993836,15225021277
FLT0077,新s96030,京诚运输集团特种运输部,重汽豪沃TH7,2022-12-09,8016062056111136,14146576080
FLT0078,青U 66517,蓉城配运有限公司车队一部,上汽跃进H500,2021-05-05,051999035712969817,19173762919
FLT0079,贵S·21141,沪上冷链物流有限公司车队一部,江淮格尔发A5,2020-08-25,411779924738232619,19089869255
FLT0080,藏l63156,华北快运股份公司第二分公司,解放J6P,2024-11-01,2185587377462196,15006286546
FLT0081,桂B 26201,北京迅达物流有限公司车队二部,福田欧曼EST,2024-12-14,17561102279407646,18552560182
FLT0082,渝S·78878,津门港联运输有限公司特种运输部,比亚迪T5,2018-02-21,5156543606292931121,15976042699
FLT0083,黑c56849,华北快运股份公司特种运输部,上汽跃进H500,2020-10-07,533904376625559720,17970514923
FLT0084,渝H 17931,沪上冷链物流有限公司车队一部,福田欧曼EST,2021-12-08,929511424904129693,15387653091
FLT0085,湘K·48791,北京迅达物流有限公司特种运输部,上汽跃进H500,2019-06-20,0226687541751654355,13277538553
FLT0086,苏w63320,津门港联运输有限公司第一分公司,解放J6P,2020-08-04,3112211678374767919,17218505828
FLT0087,京J 54447,沪上冷链物流有限公司第二分公司,东风天龙KL,2018-12-13,0998466454667382932,16558033662
FLT0088,吉T·53189,华北快运股份公司车队二部,解放J6P,2019-05-05,41486775198308268,14822161196
FLT0089,皖m39542,蓉城配运有限公司第一分公司,重汽豪沃TH7,2025-09-26,2893141902178891431,19050479359
FLT0090,川H 72293,华北快运股份公司特种运输部,比亚迪T5,2020-01-13,282145892878697242,15835753098
FLT0091,冀J·60084,津门港联运输有限公司车队一部,陕汽德龙X6000,2022-01-07,7899245886448162227,13992416620
FLT0092,苏t29719,蓉城配运有限公司第一分公司,解放J6P,2019-12-11,486516637371150928,18584328214
FLT0093,陕S 95390,杭州云驰物流有限公司车队一部,江淮格尔发A5,2021-12-18,85344932485872857,14903343287
FLT0094,藏K·45249,蓉城配运有限公司第二分公司,上汽跃进H500,2023-09-14,8157697231278364,14523561222
FLT0095,辽l36346,杭州云驰物流有限公司车队一部,江淮格尔发A5,2024-08-17,1720922018989743363,15172929368
FLT0096,青S 57443,津门港联运输有限公司车队一部,重汽豪沃TH7,2019-10-27,985596312669055106,19610712340
FLT0097,辽X·69125,蓉城配运有限公司第一分公司,比亚迪T5,2019-05-07,522261185649753957,14089724195
FLT0098,湘r41125,津门港联运输有限公司第一分公司,重汽豪沃TH7,2018-09-19,5177371424944342546,18803311962
FLT0099,豫Y 22967,华北快运股份公司车队二部,解放J6P,2019-02-22,394023784918959080,18430867366
FLT0100,蒙L·44127,蓉城配运有限公司车队二部,东风天龙KL,2023-12-05,157459015691333001,13357232652
FLT0101,晋g55009,沪上冷链物流有限公司第二分公司,重汽豪沃TH7,2019-06-27,56355352502657891,18964846268
FLT0102,浙W 34315,蓉城配运有限公司第一分公司,解放J6P,2018-01-11,1139419882743333,16398861958
FLT0103,宁Z·64675,沪上冷链物流有限公司第二分公司,解放J6P,2023-05-02,8854152076147643,17126295889
FLT0104,赣l55879,沪上冷链物流有限公司特种运输部,陕汽德龙X6000,2022-06-19,1163706412097383243,13338291938
FLT0105,吉M 64573,华北快运股份公司第二分公司,福田欧曼EST,2022-07-05,4827824131294842397,19886787274
FLT0106,甘H·51029,华北快运股份公司特种运输部,东风天龙KL,2023-08-27,97792801472843423,18908175990
FLT0107,新z03693,蓉城配运有限公司车队二部,解放J6P,2018-03-15,66739310522174772,19108606373
FLT0108,桂S 62346,京诚运输集团车队二部,重汽豪沃TH7,2025-12-25,474221743025566410,19017455216
FLT0109,陕A·93649,穗通货运代理有限公司车队一部,比亚迪T5,2019-06-01,8270449439185203,16152375379
FLT0110,川w98282,杭州云驰物流有限公司第一分公司,重汽豪沃TH7,2021-09-20,5486101816549420399,17920991513
FLT0111,沪P 42372,北京迅达物流有限公司第一分公司,陕汽德龙X6000,2020-03-07,121592261520779493,17698832676
FLT0112,赣P·58305,沪上冷链物流有限公司特种运输部,东风天龙KL,2021-06-05,839229519106561157,13166271397
FLT0113,青t24955,华北快运股份公司特种运输部,东风天龙KL,2018-06-28,9175218292599626,15801985911
FLT0114,吉H 87839,蓉城配运有限公司特种运输部,上汽跃进H500,2023-03-08,642827138914472889,16373225983
FLT0115,浙E·25877,津门港联运输有限公司特种运输部,重汽豪沃TH7,2020-05-02,487503621100242571,17515902486
FLT0116,湘m49052,沪上冷链物流有限公司车队二部,上汽跃进H500,2020-01-25,7965844546810164565,15982538754
FLT0117,冀L 60730,京诚运输集团特种运输部,东风天龙KL,2025-11-28,8021780270816959145,13576213616
FLT0118,晋D·91901,京诚运输集团第二分公司,重汽豪沃TH7,2018-05-16,698532011726510857,14179860931
FLT0119,沪h45951,津门港联运输有限公司特种运输部,重汽豪沃TH7,2023-09-10,97015815224895110,19621465532
FLT0120,湘J 00787,沪上冷链物流有限公司特种运输部,江淮格尔发A5,2024-02-07,75762071507984863,16765803125
FLT0121,闽F·45417,北京迅达物流有限公司车队一部,重汽豪沃TH7,2023-11-18,7402557678748122315,15144868754
FLT0122,豫r56933,华北快运股份公司车队二部,比亚迪T5,2019-12-22,8298832410062293,14298730441
FLT0123,沪L 24330,穗通货运代理有限公司第一分公司,上汽跃进H500,2025-06-07,0469188421061556352,13223144437
FLT0124,青P·51282,杭州云驰物流有限公司第二分公司,东风天龙KL,2019-05-13,3718749998612500,18813917073
FLT0125,鲁w27318,杭州云驰物流有限公司第一分公司,陕汽德龙X6000,2024-10-16,843508162669984310,16156079093
FLT0126,皖A 82015,穗通货运代理有限公司特种运输部,江淮格尔发A5,2021-05-09,5024890324054571,14012626409
FLT0127,琼Z·69917,华北快运股份公司第二分公司,解放J6P,2025-02-22,557337608924674412,19912099980
FLT0128,渝p87379,蓉城配运有限公司车队一部,陕汽德龙X6000,2018-04-16,7678886978257424,14622049491
FLT0129,京K 74837,津门港联运输有限公司车队二部,福田欧曼EST,2019-02-15,2387997563496684524,13570111163
FLT0130,贵S·95388,杭州云驰物流有限公司第二分公司,解放J6P,2018-01-21,24970813630547513,13920333891
FLT0131,湘m77149,北京迅达物流有限公司特种运输部,陕汽德龙X6000,2022-01-28,00857649872148059,16048627198
FLT0132,豫U 39005,华北快运股份公司特种运输部,重汽豪沃TH7,2024-06-14,735724779397290797,18739093724
FLT0133,粤S·88303,京诚运输集团第一分公司,福田欧曼EST,2022-08-11,7416298427799757,16367858588

FLT0134,浙z31715,津门港联运输有限公司第一分公司,江淮格尔发A5,2024-02-12,3299575372027685,18249421326
FLT0135,云X 79545,北京迅达物流有限公司车队二部,重汽豪沃TH7,2018-05-12,5102272060538551,15589127252
FLT0136,晋G·16921,北京迅达物流有限公司特种运输部,重汽豪沃TH7,2022-02-11,8401653343813101926,18262368884
FLT0137,黑v51715,杭州云驰物流有限公司车队一部,比亚迪T5,2025-03-15,5112777420099084211,17204182306
FLT0138,川J 56336,华北快运股份公司车队二部,陕汽德龙X6000,2021-07-04,4361666934700412205,15622286008
FLT0139,桂U·21422,津门港联运输有限公司车队一部,福田欧曼EST,2022-11-17,6983346975419697906,15069920569
FLT0140,渝c42825,华北快运股份公司车队一部,解放J6P,2021-11-19,610348043484484529,15709529037
FLT0141,渝N 68293,蓉城配运有限公司特种运输部,上汽跃进H500,2023-12-04,262469669778383465,15787414243
FLT0142,湘F·33645,杭州云驰物流有限公司车队二部,解放J6P,2022-09-20,26174715701096610,15217184310
FLT0143,粤k18834,沪上冷链物流有限公司第一分公司,陕汽德龙X6000,2023-07-28,2604963808842616,19764352762
FLT0144,沪R 64346,杭州云驰物流有限公司车队二部,福田欧曼EST,2022-11-13,8053891842580709416,16362267171
FLT0145,宁P·03969,杭州云驰物流有限公司车队二部,解放J6P,2024-11-26,015771995638702312,13078192662
FLT0146,新p49023,京诚运输集团第一分公司,上汽跃进H500,2020-01-04,591715185955076818,15869014796
FLT0147,晋R 13321,蓉城配运有限公司车队一部,上汽跃进H500,2024-09-10,82891825589083997,15700405403
FLT0148,藏T·57183,穗通货运代理有限公司第一分公司,福田欧曼EST,2022-01-23,6050366161857488,14929718779
FLT0149,黑x35428,沪上冷链物流有限公司第二分公司,东风天龙KL,2022-07-09,6723195055322490,15395353318
FLT0150,皖T 82641,华北快运股份公司第一分公司,福田欧曼EST,2024-07-14,72927594762297480,18977524709
FLT0151,沪D·16716,穗通货运代理有限公司第一分公司,福田欧曼EST,2025-09-16,07527471254922349,18009942726
FLT0152,琼l80321,穗通货运代理有限公司第二分公司,陕汽德龙X6000,2020-12-20,66204703055365922,13057915330
FLT0153,新A 89362,津门港联运输有限公司第一分公司,福田欧曼EST,2018-04-11,2592789450017530989,17747695847
FLT0154,晋V·13146,沪上冷链物流有限公司第一分公司,解放J6P,2022-05-01,9394832503691769,16237236453
FLT0155,藏a16373,穗通货运代理有限公司第一分公司,上汽跃进H500,2018-02-09,3358680063910123037,19295257943
FLT0156,粤P 88610,华北快运股份公司特种运输部,东风天龙KL,2024-03-13,7222993183697807,18353180853
FLT0157,蒙Q·29340,北京迅达物流有限公司特种运输部,东风天龙KL,2020-12-03,5092348776649288,13150119831
FLT0158,赣t03784,津门港联运输有限公司第二分公司,比亚迪T5,2024-11-01,63932179856769982,18125990848
FLT0159,蒙T 71737,华北快运股份公司特种运输部,东风天龙KL,2021-12-20,362359006181727361,16608530814
FLT0160,鄂B·35090,京诚运输集团第一分公司,江淮格尔发A5,2022-04-01,4122421341350935,17090913369
FLT0161,新q47583,北京迅达物流有限公司车队二部,解放J6P,2023-01-02,4657359320094004,15795468029
FLT0162,川J 57259,杭州云驰物流有限公司特种运输部,重汽豪沃TH7,2023-01-21,2355276344772994,17296655017
FLT0163,沪K·38508,京诚运输集团第二分公司,重汽豪沃TH7,2023-11-20,7039306241577445,14330398549
FLT0164,晋w73050,华北快运股份公司车队一部,解放J6P,2020-10-18,8162693194319854348,13276631852
FLT0165,京W 76633,蓉城配运有限公司第一分公司,重汽豪沃TH7,2025-12-15,9284076593609140,16738505429
FLT0166,琼P·21820,京诚运输集团车队一部,东风天龙KL,2018-10-17,2454771926168564631,17399207318
FLT0167,晋u07451,京诚运输集团车队一部,重汽豪沃TH7,2020-06-24,5226001135090772,13802219723
FLT0168,琼Y 57053,穗通货运代理有限公司车队一部,比亚迪T5,2025-02-07,2067378362288645,13782387322
FLT0169,冀R·38901,京诚运输集团车队二部,重汽豪沃TH7,2024-05-22,75279434837853180,15997472073
FLT0170,渝b77201,穗通货运代理有限公司特种运输部,陕汽德龙X6000,2025-03-27,2263015422962907482,14644296389
FLT0171,皖Y 18888,穗通货运代理有限公司特种运输部,福田欧曼EST,2021-06-01,6054647235136314,15449845696
FLT0172,青N·33873,华北快运股份公司车队一部,解放J6P,2020-12-09,39628359734418270,16548350530
FLT0173,沪r95133,杭州云驰物流有限公司车队一部,比亚迪T5,2018-09-04,3484933271000441,13109455405
FLT0174,甘Y 94933,北京迅达物流有限公司车队二部,比亚迪T5,2019-12-18,9949729140786080005,19475765154
FLT0175,湘F·03077,蓉城配运有限公司车队二部,陕汽德龙X6000,2018-10-05,22622348546451423,19251622634
FLT0176,湘d17424,北京迅达物流有限公司第二分公司,福田欧曼EST,2025-04-24,8572228897457981517,19682161061
FLT0177,蒙X 57615,杭州云驰物流有限公司第一分公司,重汽豪沃TH7,2021-12-16,41017712508795312,13195202317
FLT0178,津F·97612,杭州云驰物流有限公司第一分公司,江淮格尔发A5,2018-06-08,37676560723434807,18219588806
FLT0179,琼c60269,穗通货运代理有限公司第一分公司,江淮格尔发A5,2018-12-23,0583432892764648,14156075978
FLT0180,沪L 74747,北京迅达物流有限公司特种运输部,解放J6P,2018-01-16,5739774904524888,18190941622
FLT0181,川K·84910,北京迅达物流有限公司车队二部,解放J6P,2020-11-23,67966686808007949,14924982614
FLT0182,冀h94838,蓉城配运有限公司第一分公司,福田欧曼EST,2018-08-27,1468234538821594,13670858608
FLT0183,苏Z 49499,杭州云驰物流有限公司车队二部,江淮格尔发A5,2021-04-02,969392117097659423,13499881699
FLT0184,藏Y·38470,沪上冷链物流有限公司特种运输部,东风天龙KL,2025-06-07,03297246110496499,14139689148
FLT0185,陕w17105,津门港联运输有限公司第二分公司,陕汽德龙X6000,2021-08-05,93664913879818355,13123003749
FLT0186,闽G 59585,津门港联运输有限公司第一分公司,比亚迪T5,2021-01-26,930841188745415954,14225044519
FLT0187,粤Y·29384,津门港联运输有限公司车队一部,福田欧曼EST,2020-12-15,79671286173208205,15393365446
FLT0188,陕t68247,杭州云驰物流有限公司第一分公司,陕汽德龙X6000,2019-03-17,13628821284382664,17764436234
FLT0189,京H 73990,京诚运输集团车队二部,上汽跃进H500,2023-05-26,219418836818283649,14237179247
FLT0190,新K·80450,北京迅达物流有限公司特种运输部,解放J6P,2021-01-05,4565058375010975972,13436264159
FLT0191,陕e88648,京诚运输集团车队一部,东风天龙KL,2020-06-27,416291779171783363,14400679199
FLT0192,云S 44008,华北快运股份公司特种运输部,重汽豪沃TH7,2023-07-18,286487803003120148,14885509300
FLT0193,陕L·58186,蓉城配运有限公司车队一部,东风天龙KL,2024-11-23,709878585104354506,18639816531
FLT0194,藏g94060,华北快运股份公司第二分公司,上汽跃进H500,2025-11-07,62162801674062281,16265637485
FLT0195,渝T 92634,京诚运输集团第二分公司,福田欧曼EST,2023-06-04,1109354570430503,14846752691
FLT0196,粤E·39681,穗通货运代理有限公司特种运输部,福田欧曼EST,2022-06-09,7041989254693252,18743776463
FLT0197,赣p63609,穗通货运代理有限公司车队一部,东风天龙KL,2023-10-12,0639173399671977,17470079327
FLT0198,陕K 98506,沪上冷链物流有限公司车队二部,上汽跃进H500,2022-01-27,83578177173690722,15927066594
FLT0199,京K·53436,华北快运股份公司特种运输部,陕汽德龙X6000,2024-03-26,1992106723395231282,19752636128
FLT0200,新l09775,京诚运输集团车队二部,陕汽德龙X6000,2024-09-07,0952162850998085,15782170870
FLT0201,贵H 54794,穗通货运代理有限公司车队二部,重汽豪沃TH7,2024-07-11,4425653998338193444,18187635252
FLT0202,冀X·25112,华北快运股份公司车队一部,比亚迪T5,2018-06-16,08533548967917227,17843168008
FLT0203,津q74675,杭州云驰物流有限公司车队二部,陕汽德龙X6000,2021-06-21,9440243994982853,14101544648
FLT0204,桂W 37562,杭州云驰物流有限公司第二分公司,福田欧曼EST,2025-05-19,6926001472342429321,16147228728
FLT0205,津F·27294,穗通货运代理有限公司车队一部,福田欧曼EST,2020-06-20,35903631996204422,18230976695
FLT0206,宁g07835,津门港联运输有限公司车队一部,上汽跃进H500,2023-08-13,701134702773187003,13033711874
FLT0207,琼J 27739,杭州云驰物流有限公司车队一部,上汽跃进H500,2022-02-16,3560317560903480,16786794377
FLT0208,甘W·11548,穗通货运代理有限公司车队一部,东风天龙KL,2024-03-07,993435123464303412,19482584519
FLT0209,新l48660,北京迅达物流有限公司车队二部,东风天龙KL,2025-03-08,531819162330469555,14031804735
FLT0210,藏W 77466,沪上冷链物流有限公司车队二部,上汽跃进H500,2021-04-06,89952546160880004,19517520232
FLT0211,浙G·46094,穗通货运代理有限公司特种运输部,陕汽德龙X6000,2021-02-13,46569033524737456,18032223078
FLT0212,黑a91562,杭州云驰物流有限公司特种运输部,福田欧曼EST,2022-01-01,2091355194854642807,16953022362
FLT0213,新B 52488,沪上冷链物流有限公司车队一部,比亚迪T5,2024-02-22,55070035663393242,18250736060
FLT0214,新K·71833,沪上冷链物流有限公司第二分公司,重汽豪沃TH7,2020-07-18,3299481492631342,14531213835
FLT0215,甘m41807,华北快运股份公司车队一部,比亚迪T5,2021-03-10,493688039238689537,16243394027
FLT0216,豫R 67260,穗通货运代理有限公司车队一部,江淮格尔发A5,2018-01-18,4997270610454079940,13303331301
FLT0217,湘S·36993,蓉城配运有限公司第二分公司,东风天龙KL,2025-02-15,31780554711595980,17687672981
FLT0218,陕j20949,津门港联运输有限公司第二分公司,比亚迪T5,2019-11-24,7796401701850052352,15605239862
FLT0219,冀J 70872,京诚运输集团车队二部,解放J6P,2021-03-13,17912784664564655,18553245527
FLT0220,贵V·00836,沪上冷链物流有限公司车队二部,上汽跃进H500,2022-05-25,6578110477123000,14956856765
FLT0221,粤q64604,华北快运股份公司车队一部,重汽豪沃TH7,2024-10-13,329101333969315304,17573776576
FLT0222,粤A 32618,蓉城配运有限公司第二分公司,东风天龙KL,2022-01-14,3161770601055976534,18769304059
FLT0223,京J·13013,蓉城配运有限公司特种运输部,上汽跃进H500,2020-09-12,406213458678138431,19725008070
FLT0224,甘b70831,穗通货运代理有限公司特种运输部,福田欧曼EST,2024-02-06,54263099184148071,15141728294
FLT0225,津Z 01560,穗通货运代理有限公司第一分公司,东风天龙KL,2022-08-15,866575307446003020,16958304075
FLT0226,豫Z·46932,京诚运输集团第二分公司,福田欧曼EST,2025-06-20,87753121832485718,16295926780
FLT0227,晋a01417,津门港联运输有限公司车队二部,解放J6P,2022-05-24,6162149737015024707,15795946967
FLT0228,陕T 85112,北京迅达物流有限公司车队二部,东风天龙KL,2025-12-26,1391971246413428,18599654351
FLT0229,贵E·61273,蓉城配运有限公司车队一部,解放J6P,2019-01-13,337405032477898415,18000103597
FLT0230,冀t31174,北京迅达物流有限公司特种运输部,福田欧曼EST,2025-02-11,06999567078573480,18045804498
FLT0231,甘H 74134,沪上冷链物流有限公司车队二部,陕汽德龙X6000,2024-01-11,68369035786249621,18402629194
FLT0232,川A·76131,津门港联运输有限公司车队二部,比亚迪T5,2024-12-05,0746652774305034836,16359443554
FLT0233,皖j78080,华北快运股份公司特种运输部,比亚迪T5,2019-09-07,58870215307606870,15138024956
FLT0234,粤Y 81704,华北快运股份公司特种运输部,福田欧曼EST,2025-02-18,3233501265976001427,15953122222
FLT0235,赣W·39341,华北快运股份公司车队二部,江淮格尔发A5,2021-07-01,6234621886379408511,13352874508
FLT0236,桂k63318,穗通货运代理有限公司特种运输部,江淮格尔发A5,2020-01-24,02912005154153870,18419164889
FLT0237,沪S 04130,华北快运股份公司第二分公司,福田欧曼EST,2021-01-14,4306630463622620990,19749779320
FLT0238,赣E·59510,北京迅达物流有限公司车队一部,陕汽德龙X6000,2021-01-13,375137163487987321,17658631885
FLT0239,鄂n40745,华北快运股份公司第二分公司,陕汽德龙X6000,2025-06-01,69858563651408820,16473518025
FLT0240,桂M 53628,蓉城配运有限公司车队二部,东风天龙KL,2025-02-14,3932442013472195726,14247068433
FLT0241,黑E·25667,京诚运输集团特种运输部,东风天龙KL,2018-06-09,7144440757688791,18688424653
FLT0242,琼g38332,穗通货运代理有限公司车队二部,上汽跃进H500,2019-05-03,9185639376741214,16746930508
FLT0243,陕B 28397,津门港联运输有限公司车队一部,江淮格尔发A5,2023-09-18,248310451177778433,17967050138
FLT0244,藏H·50793,杭州云驰物流有限公司第二分公司,重汽豪沃TH7,2020-01-19,3842942415114700,18254398280
FLT0245,川t70815,杭州云驰物流有限公司第一分公司,东风天龙KL,2018-05-27,9111501310400436500,16280349877
FLT0246,青M 35456,津门港联运输有限公司车队二部,陕汽德龙X6000,2023-08-05,7784426241713455374,13017372755
FLT0247,冀B·08950,蓉城配运有限公司第一分公司,江淮格尔发A5,2018-07-14,15035880359110337,18468422504
FLT0248,桂s05290,沪上冷链物流有限公司车队一部,上汽跃进H500,2022-01-01,0822002921662914,18324889619
FLT0249,豫N 40399,津门港联运输有限公司第二分公司,福田欧曼EST,2023-06-09,5084258051795821132,19924167179
FLT0250,宁M·40679,穗通货运代理有限公司特种运输部,江淮格尔发A5,2020-02-27,630990407628691332,15567469991
FLT0251,藏l10187,津门港联运输有限公司第二分公司,比亚迪T5,2019-06-09,3801133408736832885,14022781491
FLT0252,黑D 63271,津门港联运输有限公司车队二部,重汽豪沃TH7,2020-03-13,8141868777915284,15338968853
FLT0253,云W·03381,北京迅达物流有限公司特种运输部,比亚迪T5,2019-06-22,721437294237514370,15930765501
FLT0254,藏f81636,杭州云驰物流有限公司车队一部,重汽豪沃TH7,2023-04-15,15885106623145938,19799718652
FLT0255,津S 83942,穗通货运代理有限公司车队一部,重汽豪沃TH7,2018-11-17,161035977499133310,15315898060
FLT0256,新L·55044,杭州云驰物流有限公司第一分公司,比亚迪T5,2020-07-18,6575534360589949,18020794963
FLT0257,皖d38390,杭州云驰物流有限公司车队二部,重汽豪沃TH7,2021-05-11,2205983329071097536,13881535799
FLT0258,晋G 13915,穗通货运代理有限公司车队一部,重汽豪沃TH7,2022-08-09,13855937259429043,14839791365
FLT0259,沪B·34337,蓉城配运有限公司第一分公司,重汽豪沃TH7,2018-12-06,8029530986324604255,19304875163
FLT0260,黑h27486,穗通货运代理有限公司车队二部,解放J6P,2024-08-04,7582319195721124984,13910633372
FLT0261,吉L 88745,华北快运股份公司特种运输部,解放J6P,2023-04-20,6720770364960189061,16753779944
FLT0262,桂V·06804,北京迅达物流有限公司车队二部,陕汽德龙X6000,2025-01-22,546206694602291084,17303519608
FLT0263,鲁n24612,穗通货运代理有限公司第二分公司,比亚迪T5,2018-09-13,561794105482854195,19654397938
FLT0264,藏E 19120,蓉城配运有限公司第一分公司,比亚迪T5,2025-11-12,0055000028541849,19944567574
FLT0265,渝V·55444,津门港联运输有限公司特种运输部,解放J6P,2025-05-06,051632205821249236,16398348765
FLT0266,吉r03093,蓉城配运有限公司第一分公司,福田欧曼EST,2024-07-15,768935250244807288,16117984644

FLT0267,晋H 57337,蓉城配运有限公司车队一部,比亚迪T5,2022-03-21,6299409184804359,18930455920
FLT0268,川M·95284,沪上冷链物流有限公司车队一部,江淮格尔发A5,2021-05-02,5645005664379950178,18237422135
FLT0269,甘e72733,穗通货运代理有限公司特种运输部,陕汽德龙X6000,2024-07-25,9713942946503350435,14869298126
FLT0270,京Y 39083,北京迅达物流有限公司第二分公司,解放J6P,2018-05-25,7396136844624343946,17022123729
FLT0271,豫F·11411,杭州云驰物流有限公司车队二部,福田欧曼EST,2025-12-19,9963447604755636,19052280949
FLT0272,沪c14807,华北快运股份公司第二分公司,比亚迪T5,2021-01-06,9701259697110919,15868182064
FLT0273,陕J 18870,蓉城配运有限公司特种运输部,比亚迪T5,2025-07-13,2370892413850188864,13141103978
FLT0274,津F·19021,北京迅达物流有限公司车队二部,解放J6P,2019-11-22,0608426712525826,17596314818
FLT0275,陕v99112,京诚运输集团第一分公司,东风天龙KL,2025-01-01,27431202037979139,18350285119
FLT0276,青D 01508,华北快运股份公司第一分公司,陕汽德龙X6000,2019-07-15,7941949814418074643,16569470658
FLT0277,藏C·69647,津门港联运输有限公司车队二部,上汽跃进H500,2025-12-25,5789766291109910945,17644278793
FLT0278,甘z80864,津门港联运输有限公司特种运输部,上汽跃进H500,2021-06-05,5119076585099093,19873673620
FLT0279,皖R 30758,穗通货运代理有限公司车队二部,解放J6P,2023-08-08,832757873855936929,17560061773
FLT0280,皖K·56128,穗通货运代理有限公司特种运输部,解放J6P,2021-08-04,6312689940041817,18086478315
FLT0281,晋e82766,沪上冷链物流有限公司特种运输部,上汽跃进H500,2018-04-23,35862741985819798,18539438200
FLT0282,宁Y 76903,穗通货运代理有限公司特种运输部,江淮格尔发A5,2021-03-15,3012529366917345695,18184636036
FLT0283,皖F·34298,杭州云驰物流有限公司第二分公司,陕汽德龙X6000,2018-07-21,46532906196320095,14338557324
FLT0284,蒙j57861,华北快运股份公司车队一部,江淮格尔发A5,2024-10-11,0302940220240436607,19879657041
FLT0285,晋B 98892,杭州云驰物流有限公司特种运输部,东风天龙KL,2025-02-27,3377960262864523504,15542790999
FLT0286,闽H·36086,华北快运股份公司第一分公司,上汽跃进H500,2021-04-24,7562518897900631,15954958491
FLT0287,云h83011,京诚运输集团车队一部,比亚迪T5,2024-07-27,3481591591931267084,14892606219
FLT0288,苏A 95985,津门港联运输有限公司车队二部,解放J6P,2021-12-15,164750549509091999,14146045211
FLT0289,豫V·97714,津门港联运输有限公司车队一部,解放J6P,2023-05-23,61276633177977631,13936914942
FLT0290,沪w56177,沪上冷链物流有限公司车队一部,陕汽德龙X6000,2022-08-02,1368965583420317859,18115288687
FLT0291,京K 06525,杭州云驰物流有限公司第一分公司,陕汽德龙X6000,2019-12-20,57390958116568590,16031152875
FLT0292,赣Y·34172,津门港联运输有限公司车队二部,解放J6P,2025-08-02,6503023989821005,14572699960
FLT0293,冀e02159,穗通货运代理有限公司车队二部,江淮格尔发A5,2023-11-02,660856187829591396,17025971153
FLT0294,新F 74609,北京迅达物流有限公司第二分公司,重汽豪沃TH7,2024-07-13,29299405973165160,16402272244
FLT0295,琼K·07547,津门港联运输有限公司车队二部,江淮格尔发A5,2023-01-23,5869848778265151092,14111930515
FLT0296,冀j91965,华北快运股份公司第一分公司,重汽豪沃TH7,2022-09-06,812894590119609318,13222108491
FLT0297,沪F 60388,京诚运输集团第二分公司,上汽跃进H500,2025-10-03,2609493819364919475,19217985706
FLT0298,云B·43143,华北快运股份公司车队二部,解放J6P,2019-03-17,6304926256657814,14722817519
FLT0299,青r82373,蓉城配运有限公司车队二部,江淮格尔发A5,2020-01-28,8537574319701669,14426138898
FLT0300,鄂S 44946,津门港联运输有限公司车队二部,福田欧曼EST,2021-06-24,81946241831989972,13317080682
FLT0301,沪A·89133,津门港联运输有限公司第二分公司,东风天龙KL,2020-07-04,914507831396380121,15343657476
FLT0302,京q91250,杭州云驰物流有限公司第一分公司,江淮格尔发A5,2019-08-11,41709562444375247,13123736057
FLT0303,浙A 49464,穗通货运代理有限公司车队一部,解放J6P,2023-05-15,67509976834696235,19306582909
FLT0304,津Z·50166,津门港联运输有限公司第一分公司,陕汽德龙X6000,2025-12-08,437207912753576124,16070269830
FLT0305,青v36833,华北快运股份公司车队二部,东风天龙KL,2025-09-16,08097417226872649,16240535492
FLT0306,皖P 49473,杭州云驰物流有限公司第一分公司,比亚迪T5,2019-08-09,232905784943505978,16400079167
FLT0307,京R·67172,华北快运股份公司车队二部,解放J6P,2023-10-09,626909456969520079,16714828471
FLT0308,甘d30406,津门港联运输有限公司车队二部,福田欧曼EST,2024-02-28,5329628916042576,17251423991
FLT0309,桂R 61649,京诚运输集团车队一部,东风天龙KL,2019-06-20,6657746303867049,15751984922
FLT0310,辽V·99053,杭州云驰物流有限公司特种运输部,江淮格尔发A5,2025-01-25,052944937866351961,19134780757
FLT0311,冀j82660,津门港联运输有限公司第二分公司,东风天龙KL,2019-05-17,77252233361651995,18664102255
FLT0312,新G 47198,北京迅达物流有限公司车队一部,解放J6P,2018-12-10,652051839308535217,18658875388
FLT0313,闽U·66016,沪上冷链物流有限公司特种运输部,陕汽德龙X6000,2025-03-21,80084154353317932,16622146446
FLT0314,沪c10218,津门港联运输有限公司第二分公司,陕汽德龙X6000,2021-04-04,8718337926028920733,15552315866
FLT0315,陕Y 21080,杭州云驰物流有限公司第一分公司,陕汽德龙X6000,2022-01-24,8434551103995990,13920334171
FLT0316,赣X·43403,京诚运输集团特种运输部,福田欧曼EST,2019-02-24,72698564549503598,19808607933
FLT0317,甘b58158,杭州云驰物流有限公司第一分公司,比亚迪T5,2022-05-06,747980379717474074,17518285717
FLT0318,川U 69585,沪上冷链物流有限公司特种运输部,比亚迪T5,2019-07-09,1268732527852944,13160666273
FLT0319,贵Y·94054,津门港联运输有限公司车队二部,上汽跃进H500,2022-01-20,973639864115657716,14550991303
FLT0320,浙w37935,华北快运股份公司车队二部,陕汽德龙X6000,2019-02-10,33812102234205774,17803637904
FLT0321,湘A 85183,华北快运股份公司车队一部,江淮格尔发A5,2018-11-24,81104867516128730,13934961968
FLT0322,琼T·84178,穗通货运代理有限公司特种运输部,重汽豪沃TH7,2019-08-23,101113328747279334,13990217503
FLT0323,赣a91770,北京迅达物流有限公司第二分公司,解放J6P,2023-01-07,74742335458358676,17227646637
FLT0324,川E 19746,北京迅达物流有限公司第一分公司,解放J6P,2023-06-20,6634138841915837,17510311885
FLT0325,浙K·05020,津门港联运输有限公司车队二部,上汽跃进H500,2024-06-05,6199468134208865697,13786839074
FLT0326,粤k38665,北京迅达物流有限公司车队二部,比亚迪T5,2019-10-21,5240039819665677,18605680288
FLT0327,蒙R 27667,津门港联运输有限公司特种运输部,福田欧曼EST,2024-02-27,9936417686882420,17770057838
FLT0328,皖F·33795,华北快运股份公司特种运输部,上汽跃进H500,2025-09-17,61395612833797381,15058839142
FLT0329,豫j11237,北京迅达物流有限公司车队二部,陕汽德龙X6000,2022-02-22,73317175954455650,15555878139
FLT0330,云M 36812,北京迅达物流有限公司第二分公司,东风天龙KL,2018-03-23,2666862852899949777,16804565149
FLT0331,宁Z·74802,津门港联运输有限公司车队二部,陕汽德龙X6000,2023-07-09,48867619052397948,15101359744
FLT0332,豫u63997,穗通货运代理有限公司第二分公司,东风天龙KL,2020-08-02,37518777273544312,18581611229
FLT0333,云A 63969,杭州云驰物流有限公司第二分公司,福田欧曼EST,2019-02-21,827540164469626573,19223531265
FLT0334,赣N·56761,津门港联运输有限公司车队二部,江淮格尔发A5,2022-11-03,8952556825990262,14000820520
FLT0335,渝t54356,华北快运股份公司第一分公司,重汽豪沃TH7,2024-07-11,078188777501504982,14555245343
FLT0336,鄂U 76725,杭州云驰物流有限公司车队一部,重汽豪沃TH7,2020-11-15,57967167765642077,16307915681
FLT0337,沪F·66079,沪上冷链物流有限公司车队二部,解放J6P,2025-12-14,977776706690558286,19902488882
FLT0338,蒙j49978,穗通货运代理有限公司第二分公司,重汽豪沃TH7,2021-06-20,109577599773964468,17847984892
FLT0339,辽P 26765,穗通货运代理有限公司第二分公司,陕汽德龙X6000,2019-11-14,3276046590153759,19582272750
FLT0340,渝Y·22973,蓉城配运有限公司第一分公司,福田欧曼EST,2022-12-18,707762039235321664,19248709078
FLT0341,宁w91873,沪上冷链物流有限公司特种运输部,解放J6P,2025-02-06,612149964616264298,19663840007
FLT0342,川X 78876,京诚运输集团车队二部,比亚迪T5,2020-10-17,411717030593102932,18946530175
FLT0343,渝Q·79106,穗通货运代理有限公司特种运输部,重汽豪沃TH7,2018-08-15,7342973832630527560,18668938916
FLT0344,青p78326,穗通货运代理有限公司特种运输部,福田欧曼EST,2019-11-26,77974751121253700,18755317651
FLT0345,新D 24358,华北快运股份公司第二分公司,东风天龙KL,2021-11-08,1882209373335627,17603835594
FLT0346,粤V·83107,华北快运股份公司特种运输部,江淮格尔发A5,2023-12-27,1481728217693730,17528499733
FLT0347,鄂w33872,杭州云驰物流有限公司第一分公司,陕汽德龙X6000,2022-06-19,03063856183403727,14059367206
FLT0348,鄂Z 68105,津门港联运输有限公司车队二部,江淮格尔发A5,2018-10-05,132229804066733792,13666296905
FLT0349,辽P·32749,穗通货运代理有限公司第二分公司,重汽豪沃TH7,2024-05-10,4821996022787730105,13980372941
FLT0350,蒙b09265,蓉城配运有限公司第一分公司,比亚迪T5,2022-01-23,302250207924824236,17851395202
FLT0351,湘F 97817,穗通货运代理有限公司特种运输部,解放J6P,2025-02-27,650375330574837845,19036549810
FLT0352,宁C·08516,京诚运输集团第一分公司,比亚迪T5,2024-01-12,676775038034469593,18932594630
FLT0353,贵k15992,华北快运股份公司车队二部,东风天龙KL,2020-09-12,816537033175884453,14497786409
FLT0354,赣G 16167,沪上冷链物流有限公司第二分公司,比亚迪T5,2025-11-19,65978131338703022,16549922641
FLT0355,京Q·96479,津门港联运输有限公司车队一部,东风天龙KL,2020-11-17,0578018678482556949,13822268903
FLT0356,渝y79243,穗通货运代理有限公司第一分公司,解放J6P,2022-07-23,53221685055386957,15313800739
FLT0357,渝S 73562,穗通货运代理有限公司第一分公司,陕汽德龙X6000,2020-10-16,7708223084348176054,14286871109
FLT0358,云L·61002,北京迅达物流有限公司第一分公司,上汽跃进H500,2021-10-20,96353190513741363,19735438764
FLT0359,青e11620,京诚运输集团第二分公司,比亚迪T5,2019-03-05,019780471228464847,15723420571
FLT0360,陕V 77014,华北快运股份公司第一分公司,上汽跃进H500,2024-03-14,876257650688153746,16539610062
FLT0361,闽E·81305,京诚运输集团车队一部,比亚迪T5,2020-04-11,44331885997056207,14413417292
FLT0362,渝a10438,京诚运输集团第二分公司,陕汽德龙X6000,2024-12-14,73734077947449557,13627455776
FLT0363,京N 00632,穗通货运代理有限公司特种运输部,解放J6P,2018-11-06,5998301356805080,17189903241
FLT0364,渝N·44055,穗通货运代理有限公司特种运输部,江淮格尔发A5,2025-08-14,12301539736750207,15397889227
FLT0365,青l72665,沪上冷链物流有限公司车队一部,解放J6P,2018-09-15,73646586714568214,16029925236
FLT0366,苏J 55367,杭州云驰物流有限公司第一分公司,重汽豪沃TH7,2019-09-04,7492694428532105,14506557565
FLT0367,陕E·48203,华北快运股份公司第二分公司,解放J6P,2021-07-19,1462339149480833670,14652765450
FLT0368,粤c70950,京诚运输集团车队一部,上汽跃进H500,2021-06-05,2536112334763268652,17619896068
FLT0369,浙R 79783,蓉城配运有限公司第二分公司,陕汽德龙X6000,2022-10-03,6332370817940565,17684656800
FLT0370,冀H·66299,津门港联运输有限公司车队一部,东风天龙KL,2020-06-13,8659019274913711,14832736468
FLT0371,鲁y07965,沪上冷链物流有限公司第一分公司,比亚迪T5,2020-02-25,78517748273977047,14391407400
FLT0372,晋X 10943,杭州云驰物流有限公司第二分公司,解放J6P,2024-04-20,883334064934119290,18041781279
FLT0373,新N·83449,北京迅达物流有限公司第二分公司,东风天龙KL,2018-12-24,2051909010743179873,15535459036
FLT0374,甘q15523,蓉城配运有限公司车队二部,解放J6P,2025-09-13,25059369792360709,18675426725
FLT0375,川A 19903,津门港联运输有限公司第一分公司,陕汽德龙X6000,2018-09-08,6871171169536202389,16543411552
FLT0376,宁W·79283,京诚运输集团车队二部,东风天龙KL,2018-08-18,1256552249308940,14387624350
FLT0377,浙m16347,华北快运股份公司第一分公司,福田欧曼EST,2020-08-15,03925420363286267,19458737391
FLT0378,湘M 29894,蓉城配运有限公司车队一部,比亚迪T5,2018-06-28,0498601077088752669,14451251676
FLT0379,新G·04189,穗通货运代理有限公司第二分公司,东风天龙KL,2019-04-04,99810240951403306,16504405086
FLT0380,陕d73919,京诚运输集团第二分公司,解放J6P,2019-09-18,98942462288912253,14283672227
FLT0381,冀K 96092,津门港联运输有限公司车队一部,陕汽德龙X6000,2021-02-07,379390639022144480,15889449612
FLT0382,赣J·34071,北京迅达物流有限公司第二分公司,东风天龙KL,2021-06-04,15044383631508765,18883427815
FLT0383,湘n64454,穗通货运代理有限公司车队一部,福田欧曼EST,2021-01-15,3214186913549493884,13902686136
FLT0384,藏Q 23515,杭州云驰物流有限公司第二分公司,比亚迪T5,2023-10-21,72784557914456389,14809719673
FLT0385,桂Q·93356,穗通货运代理有限公司第二分公司,重汽豪沃TH7,2018-02-21,13897913985755217,19079300552
FLT0386,粤c65310,蓉城配运有限公司第一分公司,福田欧曼EST,2025-06-03,74381577826925860,16538712287
FLT0387,辽Q 01145,华北快运股份公司车队二部,陕汽德龙X6000,2025-07-01,0400726110452550,17572244051
FLT0388,蒙A·93509,沪上冷链物流有限公司车队二部,比亚迪T5,2023-04-01,689054587454958225,15734209320
FLT0389,粤j70641,沪上冷链物流有限公司车队一部,陕汽德龙X6000,2021-11-14,0531029723810161,17007592336
FLT0390,蒙Y 05184,沪上冷链物流有限公司车队二部,上汽跃进H500,2023-03-06,533224280007619594,16792385298
FLT0391,黑X·61591,沪上冷链物流有限公司第二分公司,江淮格尔发A5,2024-03-06,8319910202570836780,16864924718
FLT0392,粤t37620,沪上冷链物流有限公司第二分公司,陕汽德龙X6000,2019-03-21,9405995555807612,16088263127
FLT0393,赣P 33795,华北快运股份公司车队一部,比亚迪T5,2022-11-27,2423208525899153,17885381203
FLT0394,青S·08044,沪上冷链物流有限公司车队二部,重汽豪沃TH7,2018-03-01,39798281437628118,17034017791
FLT0395,晋f74901,北京迅达物流有限公司第一分公司,解放J6P,2025-09-15,41338898684389319,16705135079
FLT0396,晋A 34857,蓉城配运有限公司第一分公司,重汽豪沃TH7,2024-02-27,110732598870864035,13769793430
FLT0397,桂G·38579,蓉城配运有限公司第二分公司,比亚迪T5,2024-04-20,2318773842846862,15992243017
FLT0398,冀m27322,北京迅达物流有限公司第二分公司,江淮格尔发A5,2018-01-09,8477997099447058,14598589992
FLT0399,琼F 13981,沪上冷链物流有限公司车队二部,上汽跃进H500,2021-03-17,4144053774151821,19000210190

FLT0400,藏H·56224,津门港联运输有限公司第一分公司,上汽跃进H500,2020-10-01,6498426160961409644,14818689239
FLT0401,津k67939,津门港联运输有限公司第一分公司,福田欧曼EST,2021-11-02,65919456521277001,15047554415
FLT0402,新D 03520,京诚运输集团车队二部,江淮格尔发A5,2024-01-11,2866969087279563,19706453936
FLT0403,皖U·37544,蓉城配运有限公司车队一部,上汽跃进H500,2021-05-19,611251225480736183,15649312700
FLT0404,吉g33065,蓉城配运有限公司车队二部,福田欧曼EST,2022-10-05,45645193994090032,16892903695
FLT0405,闽N 04159,华北快运股份公司车队一部,比亚迪T5,2020-01-28,69068399108032079,16744600029
FLT0406,浙S·16744,沪上冷链物流有限公司第一分公司,重汽豪沃TH7,2024-08-02,534651736659366222,14294371891
FLT0407,闽y74380,沪上冷链物流有限公司车队一部,江淮格尔发A5,2024-12-27,6833920505343688696,19606090137
FLT0408,冀Z 88300,蓉城配运有限公司特种运输部,福田欧曼EST,2024-06-10,847204727282563473,13144781641
FLT0409,冀R·29988,北京迅达物流有限公司特种运输部,比亚迪T5,2019-01-15,92549707923333574,16122569835
FLT0410,藏b01682,穗通货运代理有限公司第一分公司,江淮格尔发A5,2022-05-04,2464774478308005,14050492898
FLT0411,甘B 40968,蓉城配运有限公司第一分公司,比亚迪T5,2025-01-28,95396559422298833,19077968575
FLT0412,豫R·60027,沪上冷链物流有限公司第二分公司,福田欧曼EST,2019-11-22,8117062185296852781,15497332782
FLT0413,津h37225,沪上冷链物流有限公司特种运输部,东风天龙KL,2022-07-03,615182098135477858,19173111668
FLT0414,川U 00368,京诚运输集团车队一部,福田欧曼EST,2025-06-05,6721823113713909290,13679844978
FLT0415,鲁K·67176,蓉城配运有限公司车队一部,福田欧曼EST,2023-02-25,47794075736420111,17085236184
FLT0416,皖r71234,沪上冷链物流有限公司特种运输部,东风天龙KL,2024-04-05,6509650951528087,16973157045
FLT0417,藏V 92429,北京迅达物流有限公司第一分公司,江淮格尔发A5,2025-01-18,5526345260739183,18020834236
FLT0418,京Z·21624,蓉城配运有限公司特种运输部,上汽跃进H500,2021-11-20,9689056785974370,16163695975
FLT0419,皖e71794,沪上冷链物流有限公司车队一部,比亚迪T5,2022-06-19,805782394214406400,14411085888
FLT0420,贵J 04911,沪上冷链物流有限公司特种运输部,福田欧曼EST,2022-01-05,8449141919383004,16668435235
FLT0421,冀Y·93780,穗通货运代理有限公司特种运输部,福田欧曼EST,2020-05-20,258308490324696455,14756917379
FLT0422,晋k81030,华北快运股份公司第二分公司,上汽跃进H500,2020-06-11,2686353595448477857,15765368197
FLT0423,苏T 30215,华北快运股份公司特种运输部,福田欧曼EST,2021-07-19,44889881807108334,15457213479
FLT0424,琼V·76751,津门港联运输有限公司车队一部,陕汽德龙X6000,2024-02-12,4793210571552742,15797133550
FLT0425,苏q82889,北京迅达物流有限公司特种运输部,重汽豪沃TH7,2019-05-17,52907712644859873,15708669110
FLT0426,湘G 72962,华北快运股份公司特种运输部,东风天龙KL,2022-05-01,1303214972631369,19563454504
FLT0427,湘K·05089,沪上冷链物流有限公司特种运输部,东风天龙KL,2020-04-03,795841942517909314,14650966530
FLT0428,鲁v41021,华北快运股份公司车队二部,比亚迪T5,2018-04-02,370441894110914132,13839039564
FLT0429,黑A 23234,蓉城配运有限公司第二分公司,解放J6P,2021-06-12,4960010219791528727,13165605068
FLT0430,鄂Q·46940,津门港联运输有限公司车队一部,陕汽德龙X6000,2019-11-06,000180721992185408,18543674752
FLT0431,青h42345,穗通货运代理有限公司特种运输部,江淮格尔发A5,2023-05-22,221181174473390660,16704202062
FLT0432,津A 75591,北京迅达物流有限公司第一分公司,重汽豪沃TH7,2024-08-25,2887285294286902,16530446475
FLT0433,苏Z·57618,沪上冷链物流有限公司第二分公司,东风天龙KL,2025-02-20,28926064385680960,18168549990
FLT0434,云t97112,蓉城配运有限公司第一分公司,重汽豪沃TH7,2020-07-08,4848509237460587,17512113166
FLT0435,琼C 65314,沪上冷链物流有限公司第一分公司,江淮格尔发A5,2025-08-24,71732769042636130,16764924413
FLT0436,甘U·66749,沪上冷链物流有限公司特种运输部,东风天龙KL,2018-07-13,129708751637399809,13685310030
FLT0437,闽h67849,津门港联运输有限公司第一分公司,陕汽德龙X6000,2024-10-19,8103244524090233,13529332885
FLT0438,蒙P 47414,津门港联运输有限公司车队一部,比亚迪T5,2023-03-17,3308882004300585832,19971396537
FLT0439,桂X·49110,北京迅达物流有限公司第一分公司,陕汽德龙X6000,2018-08-10,20532965746493567,13698027411
FLT0440,晋p43947,杭州云驰物流有限公司第二分公司,解放J6P,2024-01-03,06890035761785035,16336621380
FLT0441,云L 19936,杭州云驰物流有限公司特种运输部,重汽豪沃TH7,2021-05-25,67676378539580573,13567881964
FLT0442,湘J·88696,北京迅达物流有限公司第二分公司,解放J6P,2022-07-15,8982624249880560,15783173754
FLT0443,苏j24799,杭州云驰物流有限公司第一分公司,解放J6P,2019-12-24,07451032693500888,16888101944
FLT0444,桂A 10679,杭州云驰物流有限公司车队一部,陕汽德龙X6000,2019-04-10,9536655192566142813,15410355334
FLT0445,新B·85023,京诚运输集团第一分公司,江淮格尔发A5,2022-03-25,7346242376496238827,17813977808
FLT0446,皖t33481,杭州云驰物流有限公司车队一部,解放J6P,2020-11-14,1262486722536308122,13156717336
FLT0447,皖P 30686,蓉城配运有限公司第一分公司,上汽跃进H500,2020-10-26,058495652762720165,15132962569
FLT0448,川V·11991,蓉城配运有限公司车队一部,福田欧曼EST,2023-06-27,8579975228338712592,18997570330
FLT0449,藏x11518,华北快运股份公司第二分公司,上汽跃进H500,2021-02-25,6442657611818857,13536219751
FLT0450,辽W 91967,杭州云驰物流有限公司第二分公司,福田欧曼EST,2023-10-16,08872648519572279,17861483847
FLT0451,闽E·22868,杭州云驰物流有限公司车队一部,解放J6P,2024-12-21,348735352101353050,13017956464
FLT0452,湘h22114,京诚运输集团车队二部,重汽豪沃TH7,2025-10-27,433656558020381148,19761439113
FLT0453,苏Y 24055,北京迅达物流有限公司特种运输部,上汽跃进H500,2021-10-22,048668100077667145,18540115519
FLT0454,辽T·31092,津门港联运输有限公司特种运输部,上汽跃进H500,2023-05-21,034606242916595114,19028564569
FLT0455,苏k01449,华北快运股份公司车队二部,陕汽德龙X6000,2022-05-20,0899885220736589,19419263008
FLT0456,川J 42787,津门港联运输有限公司第一分公司,上汽跃进H500,2022-08-25,337800572957712405,16212935241
FLT0457,沪B·71361,华北快运股份公司第一分公司,陕汽德龙X6000,2022-07-04,0622208400351760,13643178304
FLT0458,浙m52788,沪上冷链物流有限公司车队一部,江淮格尔发A5,2021-04-04,8252098335619655287,15062585985
FLT0459,皖X 02343,蓉城配运有限公司车队二部,东风天龙KL,2019-06-16,707407783187647870,15548914872
FLT0460,闽B·77019,蓉城配运有限公司第二分公司,福田欧曼EST,2024-06-13,7709577059326904651,19886140937
FLT0461,苏m48364,京诚运输集团车队一部,江淮格尔发A5,2020-06-27,798404302218459262,14005042549
FLT0462,鲁L 51828,北京迅达物流有限公司第二分公司,东风天龙KL,2024-09-17,36248081136304074,19536086868
FLT0463,蒙P·27632,华北快运股份公司第一分公司,江淮格尔发A5,2020-03-20,2270505141654104362,15793416037
FLT0464,沪b77650,京诚运输集团第一分公司,陕汽德龙X6000,2023-10-11,85979770665767212,18851458747
FLT0465,豫P 86768,蓉城配运有限公司第二分公司,重汽豪沃TH7,2025-08-18,139729588980229298,17158673729
FLT0466,辽Z·62007,北京迅达物流有限公司车队二部,比亚迪T5,2024-05-21,20256904585416185,17388096507
FLT0467,桂y57171,沪上冷链物流有限公司第二分公司,上汽跃进H500,2024-10-12,4271847518459757283,19933975228
FLT0468,京A 45700,穗通货运代理有限公司第一分公司,陕汽德龙X6000,2021-03-15,684658358615104583,14484196150
FLT0469,陕T·32089,杭州云驰物流有限公司车队二部,东风天龙KL,2025-09-04,131067451293887293,18517627911
FLT0470,云c20851,穗通货运代理有限公司车队一部,福田欧曼EST,2023-10-14,211391038037368412,16101420125
FLT0471,赣F 28412,蓉城配运有限公司车队二部,解放J6P,2018-10-20,51363164919124477,16955504512
FLT0472,湘D·80583,华北快运股份公司车队一部,上汽跃进H500,2025-02-09,224563430928883937,15390812620
FLT0473,辽h99726,杭州云驰物流有限公司第二分公司,上汽跃进H500,2023-11-19,550288813699583392,14271760196
FLT0474,津P 54140,津门港联运输有限公司车队一部,上汽跃进H500,2021-03-21,215307778505401856,17524839439
FLT0475,沪Y·73981,京诚运输集团车队二部,比亚迪T5,2020-09-26,46188921735425179,19240690598
FLT0476,藏b09013,穗通货运代理有限公司第二分公司,东风天龙KL,2022-10-04,4438854419972479676,14195274168
FLT0477,湘N 34052,华北快运股份公司车队二部,比亚迪T5,2020-04-03,5405241806940089993,19917727453
FLT0478,苏H·38276,京诚运输集团车队一部,陕汽德龙X6000,2023-09-23,6271678202233558992,19381503807
FLT0479,津g34614,北京迅达物流有限公司第二分公司,解放J6P,2021-07-17,6501055134116230,14977648138
FLT0480,赣M 33572,华北快运股份公司车队二部,陕汽德龙X6000,2024-06-06,6660038985333300658,17653718382
FLT0481,琼S·22163,蓉城配运有限公司第一分公司,上汽跃进H500,2020-02-11,4779213417950359,18999896826
FLT0482,晋l25939,杭州云驰物流有限公司车队二部,重汽豪沃TH7,2021-11-06,753074979163928377,15003902713
FLT0483,闽K 95912,穗通货运代理有限公司车队一部,东风天龙KL,2020-06-23,91520096016645655,17913633179
FLT0484,宁X·47439,北京迅达物流有限公司第二分公司,重汽豪沃TH7,2021-01-18,35041141797388021,13622993261
FLT0485,湘j25866,穗通货运代理有限公司第二分公司,陕汽德龙X6000,2021-09-02,448818530716737050,14215582851
FLT0486,苏Z 42526,北京迅达物流有限公司第二分公司,东风天龙KL,2025-10-17,2245411790173899343,15764830083
FLT0487,藏A·71641,华北快运股份公司车队二部,福田欧曼EST,2018-05-26,45293226651473953,15988016628
FLT0488,浙q57717,京诚运输集团特种运输部,陕汽德龙X6000,2020-08-22,924282900154871066,17309867592
FLT0489,陕X 92758,津门港联运输有限公司车队一部,比亚迪T5,2019-03-17,1632559573661260,18873877743
FLT0490,藏E·86644,北京迅达物流有限公司车队二部,东风天龙KL,2025-03-09,5623062910910621449,16289082101
FLT0491,湘p83606,沪上冷链物流有限公司第二分公司,东风天龙KL,2024-03-10,42560952582287575,15403112062
FLT0492,新Z 49577,穗通货运代理有限公司第一分公司,解放J6P,2022-04-18,6244593986504543431,19897610781
FLT0493,沪A·52280,津门港联运输有限公司第一分公司,江淮格尔发A5,2020-02-03,9581122104522833493,13785335520
FLT0494,鄂k57952,北京迅达物流有限公司第二分公司,上汽跃进H500,2021-03-17,7013974385916952461,18568385196
FLT0495,黑Z 10820,穗通货运代理有限公司第一分公司,东风天龙KL,2024-01-03,0158990143858787,19483489513
FLT0496,粤B·92880,蓉城配运有限公司第二分公司,福田欧曼EST,2023-08-25,80570149109212974,15209318370
FLT0497,桂n63183,沪上冷链物流有限公司特种运输部,陕汽德龙X6000,2021-01-16,90949670255200904,15339212280
FLT0498,闽X 55557,津门港联运输有限公司第二分公司,江淮格尔发A5,2022-04-19,136882972517874090,15956166257
FLT0499,琼Z·05281,穗通货运代理有限公司第二分公司,江淮格尔发A5,2018-07-25,2955109475341725437,18259688373
FLT0500,晋c24732,蓉城配运有限公司特种运输部,陕汽德龙X6000,2024-09-09,64396429100465003,14604839144
FLT0501,桂U 46020,蓉城配运有限公司第二分公司,比亚迪T5,2021-10-06,9440389427287233055,17884456565
FLT0502,宁V·59116,穗通货运代理有限公司车队一部,江淮格尔发A5,2018-09-09,641379801443566778,15298570045
FLT0503,豫n02849,京诚运输集团车队二部,福田欧曼EST,2019-03-21,631356753230675270,17645509288
FLT0504,蒙Q 44812,华北快运股份公司特种运输部,陕汽德龙X6000,2019-09-07,86119577883208146,15211397473
FLT0505,藏B·56424,京诚运输集团特种运输部,东风天龙KL,2024-06-27,9505366958681344,16488645064
FLT0506,京m13858,杭州云驰物流有限公司第二分公司,上汽跃进H500,2018-02-14,98202960553178430,15831049969
FLT0507,甘Q 35067,津门港联运输有限公司第一分公司,解放J6P,2024-07-27,1246034379692326594,19527143801
FLT0508,桂U·69204,津门港联运输有限公司车队一部,东风天龙KL,2019-08-07,067258713064453182,14335840868
FLT0509,湘a15730,穗通货运代理有限公司第一分公司,比亚迪T5,2023-09-18,739323042664640641,18797098447
FLT0510,闽Z 34667,杭州云驰物流有限公司第二分公司,江淮格尔发A5,2023-01-16,04740700286907136,16971272255
FLT0511,湘N·07962,华北快运股份公司车队一部,江淮格尔发A5,2021-05-08,82081532027813536,13331081915
FLT0512,晋b38751,蓉城配运有限公司车队二部,重汽豪沃TH7,2025-08-20,45885123939220948,19064588804
FLT0513,鄂B 16016,华北快运股份公司车队一部,上汽跃进H500,2025-09-01,0482021800227657,13356296936
FLT0514,渝V·88608,北京迅达物流有限公司特种运输部,东风天龙KL,2020-09-20,7684121055831848,19284757791
FLT0515,苏h68796,杭州云驰物流有限公司第一分公司,东风天龙KL,2020-05-25,8175015689751337,17476917051
FLT0516,新Z 95277,北京迅达物流有限公司车队二部,解放J6P,2022-05-08,9228357760111139,19968687315
FLT0517,吉K·19349,津门港联运输有限公司特种运输部,比亚迪T5,2020-06-02,30433452586835867,16573757697
FLT0518,吉k11783,杭州云驰物流有限公司车队一部,东风天龙KL,2020-03-23,2464491727947684262,18161519909
FLT0519,云H 59337,蓉城配运有限公司第一分公司,比亚迪T5,2018-11-08,8342416681908321,14045515769
FLT0520,渝H·09080,华北快运股份公司第二分公司,东风天龙KL,2024-08-02,6333485374121070462,16864833137
FLT0521,京h66839,华北快运股份公司车队一部,比亚迪T5,2025-06-08,321005998835216029,18486342129
FLT0522,晋D 65427,津门港联运输有限公司第一分公司,江淮格尔发A5,2021-11-23,6812375428432810,17259264418
FLT0523,浙U·00290,京诚运输集团特种运输部,重汽豪沃TH7,2025-03-26,7612538582169466,16940356847
FLT0524,川n91034,穗通货运代理有限公司车队一部,陕汽德龙X6000,2019-05-07,5324664353206747460,17280073846
FLT0525,苏T 90520,京诚运输集团车队二部,解放J6P,2024-05-21,691820049031042824,19631454841
FLT0526,琼N·64073,华北快运股份公司车队二部,重汽豪沃TH7,2020-11-23,800168424841054805,14336141820
FLT0527,皖x93573,华北快运股份公司车队二部,上汽跃进H500,2021-12-26,97187227447464967,13741429534
FLT0528,宁E 40054,华北快运股份公司车队二部,江淮格尔发A5,2021-05-17,302461243707592430,14779833648
FLT0529,云T·36094,京诚运输集团第二分公司,比亚迪T5,2022-04-23,4918518723725021902,19134524467
FLT0530,黑h57931,杭州云驰物流有限公司特种运输部,东风天龙KL,2021-12-11,6425473692245993592,13900390263
FLT0531,黑H 44697,华北快运股份公司特种运输部,比亚迪T5,2020-05-27,69474043032208029,17851963195
FLT0532,宁D·64310,杭州云驰物流有限公司第二分公司,重汽豪沃TH7,2022-07-04,95227657899100022,13703490861

FLT0533,闽w19412,蓉城配运有限公司车队二部,解放J6P,2024-07-16,0498148942787777,17218556509
FLT0534,云S 33045,穗通货运代理有限公司第二分公司,上汽跃进H500,2022-01-10,119488370011739469,15683274819
FLT0535,黑F·03041,津门港联运输有限公司特种运输部,江淮格尔发A5,2022-08-16,679129382145550140,13011916789
FLT0536,苏y84135,京诚运输集团第一分公司,陕汽德龙X6000,2021-06-22,616111343935987803,18465076111
FLT0537,皖E 43578,蓉城配运有限公司第二分公司,陕汽德龙X6000,2022-07-23,500466295873566253,17707341450
FLT0538,沪G·72017,津门港联运输有限公司车队一部,重汽豪沃TH7,2018-02-22,52024360134829440,15214756552
FLT0539,粤b06313,杭州云驰物流有限公司第一分公司,上汽跃进H500,2024-06-06,158429175590959739,13038136889
FLT0540,苏K 26357,京诚运输集团第二分公司,上汽跃进H500,2023-07-18,8797445083108701,18450366460
FLT0541,渝A·58235,沪上冷链物流有限公司第二分公司,重汽豪沃TH7,2020-12-21,7884236887229165,17329078005
FLT0542,青k60150,华北快运股份公司第一分公司,福田欧曼EST,2022-11-21,806737242343197289,14305143126
FLT0543,蒙U 70137,杭州云驰物流有限公司车队二部,福田欧曼EST,2023-02-03,6854919136160947,13936109719
FLT0544,青K·13859,穗通货运代理有限公司特种运输部,重汽豪沃TH7,2024-08-25,5169105560233973168,15030899283
FLT0545,新x50568,北京迅达物流有限公司车队一部,江淮格尔发A5,2023-02-10,40526963626378996,16073471464
FLT0546,甘J 16974,穗通货运代理有限公司第一分公司,江淮格尔发A5,2018-08-18,8646550545944568468,18224984992
FLT0547,新N·51833,穗通货运代理有限公司第二分公司,上汽跃进H500,2025-06-21,7117119454960462,14665530119
FLT0548,藏l25265,蓉城配运有限公司第二分公司,东风天龙KL,2019-07-08,0220048015113033621,16361362381
FLT0549,蒙N 97045,杭州云驰物流有限公司特种运输部,比亚迪T5,2025-06-02,0231111242311120,18061023001
FLT0550,桂Y·44508,津门港联运输有限公司第二分公司,重汽豪沃TH7,2024-06-22,6424876543222754,17558235507
FLT0551,陕q53185,京诚运输集团第一分公司,解放J6P,2025-03-19,762008476847589610,15484789094
FLT0552,蒙K 25860,杭州云驰物流有限公司第一分公司,解放J6P,2024-06-18,9130610881817910,14409490923
FLT0553,皖V·08696,津门港联运输有限公司车队一部,比亚迪T5,2025-04-26,4681849010909321,16193558290
FLT0554,桂e75611,蓉城配运有限公司第二分公司,江淮格尔发A5,2024-09-08,0292050391535756,18519966629
FLT0555,吉C 47275,杭州云驰物流有限公司第二分公司,福田欧曼EST,2022-02-04,072302149164888835,13674812974
FLT0556,云D·41390,北京迅达物流有限公司车队二部,重汽豪沃TH7,2018-02-23,88919342851874850,15770180092
FLT0557,宁u61843,京诚运输集团车队一部,陕汽德龙X6000,2018-11-13,1361388193909793,19996548990
FLT0558,渝R 78610,蓉城配运有限公司车队二部,福田欧曼EST,2020-10-22,31989180109843144,14643354952
FLT0559,粤H·54148,津门港联运输有限公司特种运输部,陕汽德龙X6000,2022-12-21,1267767569311715,19841840617
FLT0560,新t70725,蓉城配运有限公司车队一部,比亚迪T5,2021-09-24,551247966955209314,17350835360
FLT0561,吉Q 82133,津门港联运输有限公司车队一部,东风天龙KL,2025-01-03,8980110852843949,17515357207
FLT0562,豫W·22829,京诚运输集团特种运输部,上汽跃进H500,2020-02-05,747176493026416710,18088773238
FLT0563,苏w62764,京诚运输集团第一分公司,东风天龙KL,2019-04-14,604168002973296497,19880421090
FLT0564,甘V 59544,京诚运输集团车队一部,重汽豪沃TH7,2025-03-07,983863517797233117,17606443459
FLT0565,浙K·39281,杭州云驰物流有限公司特种运输部,比亚迪T5,2018-01-16,4509012225341605793,13624471629
FLT0566,藏z96929,津门港联运输有限公司第一分公司,重汽豪沃TH7,2025-12-16,009187582986314683,15676627583
FLT0567,甘T 69118,杭州云驰物流有限公司车队一部,陕汽德龙X6000,2018-04-14,4938758619199094184,19864032492
FLT0568,宁E·64549,沪上冷链物流有限公司车队一部,重汽豪沃TH7,2021-08-13,425422317832101171,13430207485
FLT0569,苏e57427,华北快运股份公司第一分公司,福田欧曼EST,2020-10-21,5017347821882284,14872682341
FLT0570,晋H 59951,蓉城配运有限公司第二分公司,比亚迪T5,2021-11-28,3977799839614683045,18416252311
FLT0571,闽T·71110,北京迅达物流有限公司特种运输部,陕汽德龙X6000,2022-07-20,9744260554063319987,16779587541
FLT0572,藏a81243,津门港联运输有限公司车队二部,上汽跃进H500,2019-10-12,6665848642833359,16212413771
FLT0573,津L 51733,北京迅达物流有限公司车队二部,解放J6P,2023-07-13,9204684522273644,18795015292
FLT0574,宁U·17890,杭州云驰物流有限公司第一分公司,江淮格尔发A5,2021-09-15,802163812549633949,16044990455
FLT0575,琼n51982,华北快运股份公司车队二部,比亚迪T5,2020-04-18,58048184365244767,13369863709
FLT0576,黑T 88577,京诚运输集团第二分公司,江淮格尔发A5,2021-01-16,7052509983473895,13169907634
FLT0577,川J·30919,蓉城配运有限公司第一分公司,陕汽德龙X6000,2025-06-06,54854395615529888,19422380457
FLT0578,皖l00441,北京迅达物流有限公司特种运输部,福田欧曼EST,2022-01-01,8564377928641284,18226414802
FLT0579,新R 57093,华北快运股份公司车队二部,东风天龙KL,2020-11-07,94632962188538755,13994578028
FLT0580,青U·09670,沪上冷链物流有限公司第一分公司,陕汽德龙X6000,2025-10-26,08885199588014780,15860010594
FLT0581,新b47516,北京迅达物流有限公司第一分公司,重汽豪沃TH7,2024-12-25,4570244255383560301,15808318634
FLT0582,湘B 51169,京诚运输集团车队二部,比亚迪T5,2024-09-21,2555500216121602,15751149289
FLT0583,青U·40018,蓉城配运有限公司第二分公司,上汽跃进H500,2019-02-24,2498510857055472,19439217339
FLT0584,桂f63184,北京迅达物流有限公司特种运输部,江淮格尔发A5,2020-03-05,8160689619171423,19053499233
FLT0585,贵X 17188,蓉城配运有限公司车队二部,陕汽德龙X6000,2024-12-18,04314628222819485,17858210084
FLT0586,京G·46250,北京迅达物流有限公司第一分公司,解放J6P,2021-06-09,2972141146247061,14718412993
FLT0587,皖d94857,蓉城配运有限公司车队二部,比亚迪T5,2019-10-23,2983283657245360,17022595027
FLT0588,苏K 75358,蓉城配运有限公司特种运输部,上汽跃进H500,2018-09-24,9135403137864513,18857955973
FLT0589,京U·47742,蓉城配运有限公司特种运输部,东风天龙KL,2022-02-07,217725274231195962,13060243509
FLT0590,渝q85741,穗通货运代理有限公司车队二部,福田欧曼EST,2020-05-03,1068567773912444,19423777695
FLT0591,黑C 42628,沪上冷链物流有限公司特种运输部,上汽跃进H500,2020-01-01,14585832257611152,18707260358
FLT0592,新V·26185,津门港联运输有限公司第一分公司,东风天龙KL,2020-12-12,978497138979809055,15676955053
FLT0593,川v32031,杭州云驰物流有限公司第二分公司,福田欧曼EST,2022-11-01,6939527936295893,18755628286
FLT0594,吉Y 90718,杭州云驰物流有限公司第二分公司,江淮格尔发A5,2022-08-09,0359553096116945592,16964083571
FLT0595,浙Q·76311,蓉城配运有限公司第二分公司,解放J6P,2019-09-07,615721644389047638,13501990326
FLT0596,甘p83207,杭州云驰物流有限公司特种运输部,陕汽德龙X6000,2022-05-22,1719730907360723,19656566646
FLT0597,宁R 54117,京诚运输集团第二分公司,江淮格尔发A5,2018-07-04,8833803536843442151,18377529829
FLT0598,皖V·33749,京诚运输集团车队一部,上汽跃进H500,2021-08-23,8454715574351134052,15425918839
FLT0599,粤h20042,沪上冷链物流有限公司第一分公司,福田欧曼EST,2024-01-16,982859649274656078,13467877917
FLT0600,浙S 06659,津门港联运输有限公司特种运输部,福田欧曼EST,2025-06-08,9927897883209165,16804686548
FLT0601,云C·44977,津门港联运输有限公司特种运输部,江淮格尔发A5,2018-06-05,4601730946526594,15346884560
FLT0602,豫r82095,京诚运输集团第一分公司,陕汽德龙X6000,2022-11-16,67469907298733014,17833457090
FLT0603,青E 49515,京诚运输集团特种运输部,福田欧曼EST,2019-04-05,22229989041686448,14415734880
FLT0604,宁V·47500,京诚运输集团车队二部,比亚迪T5,2020-11-17,3571622192103921,19130990454
FLT0605,渝e73227,京诚运输集团第二分公司,东风天龙KL,2020-03-12,2293297839584426,15627101022
FLT0606,浙E 39525,华北快运股份公司车队二部,比亚迪T5,2018-09-26,4553435065878846,16663494423
FLT0607,皖W·16105,杭州云驰物流有限公司第二分公司,重汽豪沃TH7,2024-08-25,54590953785953103,14974234222
FLT0608,冀x78412,杭州云驰物流有限公司车队一部,解放J6P,2024-12-12,6917449148369219113,18935351556
FLT0609,冀F 16437,穗通货运代理有限公司车队一部,东风天龙KL,2018-04-04,894748247389861352,13626249554
FLT0610,藏Y·02906,穗通货运代理有限公司第一分公司,上汽跃进H500,2022-06-13,05827814944846116,14782611905
FLT0611,浙t22734,华北快运股份公司特种运输部,陕汽德龙X6000,2021-02-18,9019143759025495,15754649140
FLT0612,鲁X 08735,蓉城配运有限公司车队二部,解放J6P,2019-10-26,53114871771485451,14161515548
FLT0613,贵L·87919,沪上冷链物流有限公司车队二部,东风天龙KL,2024-09-14,9501818073829552030,17011276641
FLT0614,云f88520,津门港联运输有限公司车队二部,福田欧曼EST,2022-11-07,6468940296381618,19081239994
FLT0615,云U 67543,北京迅达物流有限公司特种运输部,陕汽德龙X6000,2025-10-22,2108235727298381,14368850967
FLT0616,豫B·96438,杭州云驰物流有限公司第一分公司,陕汽德龙X6000,2021-12-13,3596869282624820542,13901502835
FLT0617,贵w80626,杭州云驰物流有限公司车队二部,陕汽德龙X6000,2021-10-28,0173653616090889,13821703303
FLT0618,甘E 23430,穗通货运代理有限公司车队二部,陕汽德龙X6000,2025-03-17,7650840371291086,14483155664
FLT0619,吉C·24611,蓉城配运有限公司车队二部,东风天龙KL,2020-10-22,30547381885528100,18443699984
FLT0620,鲁e35311,北京迅达物流有限公司第一分公司,陕汽德龙X6000,2024-11-11,755389004112105525,13208478777
FLT0621,贵R 44025,蓉城配运有限公司特种运输部,陕汽德龙X6000,2018-07-10,133770342262654588,16469878980
FLT0622,京D·67690,蓉城配运有限公司车队二部,江淮格尔发A5,2018-05-08,89982198929498183,14174147675
FLT0623,蒙t22873,京诚运输集团第一分公司,东风天龙KL,2024-03-06,47482787906143714,19473289423
FLT0624,豫X 36052,华北快运股份公司特种运输部,江淮格尔发A5,2025-08-11,053986739785372830,17358455311
FLT0625,闽H·36946,杭州云驰物流有限公司车队一部,东风天龙KL,2020-12-23,3250837668398206608,15402502949
FLT0626,陕s23043,沪上冷链物流有限公司车队一部,福田欧曼EST,2018-02-21,416780193901731635,13640329707
FLT0627,闽W 36336,京诚运输集团第一分公司,东风天龙KL,2023-11-09,656688307728025641,15781438023
FLT0628,新S·11147,杭州云驰物流有限公司第二分公司,东风天龙KL,2022-09-15,03448399309908770,18604539098
FLT0629,津c85735,津门港联运输有限公司车队二部,比亚迪T5,2025-06-07,13038817274416078,19941316616
FLT0630,桂X 46786,北京迅达物流有限公司车队二部,东风天龙KL,2018-12-05,5427773095081796,14225255518
FLT0631,津A·79665,京诚运输集团第一分公司,陕汽德龙X6000,2019-02-09,1688979087706059,16714684655
FLT0632,沪j62090,沪上冷链物流有限公司第二分公司,陕汽德龙X6000,2019-11-08,48505189497170019,16720841871
FLT0633,甘A 94962,沪上冷链物流有限公司第二分公司,解放J6P,2021-08-14,617806789780288143,13349464971
FLT0634,新Q·47767,穗通货运代理有限公司车队二部,陕汽德龙X6000,2022-07-23,2994578160186775116,19981643909
FLT0635,青l68441,京诚运输集团特种运输部,上汽跃进H500,2021-12-12,7240283915900481,17513605769
FLT0636,皖N 26327,杭州云驰物流有限公司特种运输部,福田欧曼EST,2018-10-03,663852684049941516,16482749611
FLT0637,青B·46730,华北快运股份公司第二分公司,东风天龙KL,2022-09-15,9283702318326592,19525890993
FLT0638,渝d28716,穗通货运代理有限公司车队二部,上汽跃进H500,2023-05-10,5741616239286616051,14999453307
FLT0639,闽T 97615,蓉城配运有限公司第一分公司,东风天龙KL,2022-12-12,449009340999628795,16894908488
FLT0640,甘A·99509,北京迅达物流有限公司车队二部,上汽跃进H500,2025-04-21,6347180623446059594,15530300990
FLT0641,陕u70883,蓉城配运有限公司第二分公司,福田欧曼EST,2019-11-17,19057290231277731,13472365663
FLT0642,蒙Y 27311,京诚运输集团车队二部,陕汽德龙X6000,2023-11-13,7329944579772417,19323049536
FLT0643,辽B·01773,北京迅达物流有限公司第一分公司,江淮格尔发A5,2018-05-06,38392237182305619,17411666586
FLT0644,苏z01860,京诚运输集团车队一部,上汽跃进H500,2025-09-06,9717913359910444,16694132401
FLT0645,贵T 95177,穗通货运代理有限公司特种运输部,比亚迪T5,2021-01-20,7652624397575336,13485351499
FLT0646,蒙E·67002,华北快运股份公司特种运输部,重汽豪沃TH7,2018-04-15,5226908700203483,18602075747
FLT0647,沪y58499,津门港联运输有限公司第二分公司,东风天龙KL,2023-02-25,80465702159607226,13112846404
FLT0648,渝Y 88369,蓉城配运有限公司第二分公司,陕汽德龙X6000,2022-10-19,3303436637813381249,13353855852
FLT0649,冀W·92950,华北快运股份公司第二分公司,江淮格尔发A5,2023-07-17,049259722796475915,13492977332
FLT0650,陕h96462,沪上冷链物流有限公司第一分公司,东风天龙KL,2023-03-19,8408715558854726502,14745400046
FLT0651,青K 79716,沪上冷链物流有限公司第一分公司,陕汽德龙X6000,2019-08-13,387197577621578179,19075091208
FLT0652,浙S·94197,穗通货运代理有限公司特种运输部,重汽豪沃TH7,2021-08-11,8576534691701689,18626124861
FLT0653,琼a56492,穗通货运代理有限公司车队一部,解放J6P,2024-10-15,8475393240982956768,15159683726
FLT0654,赣N 36315,华北快运股份公司特种运输部,陕汽德龙X6000,2021-12-19,907123128781311110,13681953810
FLT0655,陕U·70114,京诚运输集团车队一部,东风天龙KL,2022-03-26,761663888655478967,14800887293
FLT0656,鄂b53420,津门港联运输有限公司车队一部,东风天龙KL,2022-09-22,4094056500956941604,18120576016
FLT0657,渝S 84564,沪上冷链物流有限公司特种运输部,上汽跃进H500,2021-12-06,6090389239808277,19351308424
FLT0658,琼S·11333,京诚运输集团车队二部,比亚迪T5,2025-07-03,49229969992474997,14928356969
FLT0659,新v79594,京诚运输集团特种运输部,福田欧曼EST,2023-07-25,4309907695959078009,16110300391
FLT0660,京B 78037,穗通货运代理有限公司车队一部,比亚迪T5,2021-05-01,9376439173748429108,17098936680
FLT0661,贵B·90860,穗通货运代理有限公司第二分公司,上汽跃进H500,2018-04-02,3383819292848524,15727670229
FLT0662,贵e19424,杭州云驰物流有限公司第一分公司,陕汽德龙X6000,2023-03-13,727012654256060094,14745055716
FLT0663,新E 55350,沪上冷链物流有限公司第二分公司,陕汽德龙X6000,2025-03-13,4773432217609546,14425604510
FLT0664,桂U·26423,华北快运股份公司第一分公司,上汽跃进H500,2018-02-09,320047231466127428,18624828236
FLT0665,桂h66128,杭州云驰物流有限公司第一分公司,江淮格尔发A5,2018-01-10,8987873231494584,15069160404

FLT0666,苏A 37864,北京迅达物流有限公司特种运输部,重汽豪沃TH7,2023-06-27,99228960447922108,16568802223
FLT0667,辽X·13192,穗通货运代理有限公司第二分公司,江淮格尔发A5,2020-09-07,62527350092517252,16528525039
